Mob,Mod,Categoria/comportamento,Onde encontrar,Mecanismo,Drop/Recompensa,Quantidade,Chance/condição,Para que serve,Confiança,Imagem,Fonte da imagem,Fontes pesquisadas,Crafting
Copper Golem,Friends and Foes,Criatura passiva/utilitária; interação descrita nas linhas,"Construção vertical: bloco de cobre aceito pelo predicado, carved pumpkin/jack o lantern, lightning rod. Também templates ancient_city/city_center do mod.",Loot de morte,minecraft:copper_ingot,1–3,"pool 1: 1 sorteio(s), peso 1/1; com reposição se mais de um sorteio","Construção, mecanismos e ferramentas de cobre quando disponíveis",Alta nos arquivos versionados; configuração/datapacks externos não confirmados,/images/bestiary/audited/ff/copper-golem-unaffected.png,com/faboslav/friendsandfoes/common/client/render/entity/model/CopperGolemEntityModel.class; com/faboslav/friendsandfoes/common/client/render/entity/renderer/CopperGolemEntityRenderer.class; assets/friendsandfoes/textures/entity/copper_golem/copper_golem.png; com/faboslav/friendsandfoes/common/init/FriendsAndFoesEntityModelLayers.class; com/faboslav/friendsandfoes/common/entity/CopperGolemEntity.class; data/friendsandfoes/friendsandfoes/animations/entity/copper_golem/idle.json; com/faboslav/friendsandfoes/common/entity/animation/animator/loader/AnimationTarget.class; com/faboslav/friendsandfoes/common/entity/animation/animator/loader/json/AnimationParser.class; com/faboslav/friendsandfoes/common/client/render/entity/model/animation/KeyframeModelAnimator.class; output-ff/proveniencia.json,evidence-ff/friendsandfoes-neoforge-4.0.27+mc1.21.1.jar::data/friendsandfoes/loot_table/entities/copper_golem.json,/bestiary/receitas/ff.html#receita-copper-button | [Receita copper_button](lote-8-mods-2026-10-06/ff-cards-2026-10-06.md#receita-copper-button) — evidence-ff/friendsandfoes-neoforge-4.0.27+mc1.21.1.jar::data/friendsandfoes/recipe/copper_button.json
Copper Golem,Friends and Foes,Criatura passiva/utilitária; interação descrita nas linhas,"Construção vertical: bloco de cobre aceito pelo predicado, carved pumpkin/jack o lantern, lightning rod. Também templates ancient_city/city_center do mod.",Automação,Acionamento de Copper Buttons,Conforme busca/cooldown,"Rotinas CopperGolemBrain; oxidação completa imobiliza; honeycomb encerra avanço, axe remove cera/oxidação conforme estado.",Circuitos e interação aleatória com botões; não recompensa ao matar,Alta nos arquivos versionados; configuração/datapacks externos não confirmados,/images/bestiary/audited/ff/copper-golem-unaffected.png,com/faboslav/friendsandfoes/common/client/render/entity/model/CopperGolemEntityModel.class; com/faboslav/friendsandfoes/common/client/render/entity/renderer/CopperGolemEntityRenderer.class; assets/friendsandfoes/textures/entity/copper_golem/copper_golem.png; com/faboslav/friendsandfoes/common/init/FriendsAndFoesEntityModelLayers.class; com/faboslav/friendsandfoes/common/entity/CopperGolemEntity.class; data/friendsandfoes/friendsandfoes/animations/entity/copper_golem/idle.json; com/faboslav/friendsandfoes/common/entity/animation/animator/loader/AnimationTarget.class; com/faboslav/friendsandfoes/common/entity/animation/animator/loader/json/AnimationParser.class; com/faboslav/friendsandfoes/common/client/render/entity/model/animation/KeyframeModelAnimator.class; output-ff/proveniencia.json,evidence-ff/decompiled-full/com/faboslav/friendsandfoes/common/entity/CopperGolemEntity.java; evidence-ff/decompiled-full/com/faboslav/friendsandfoes/common/entity/ai/brain/CopperGolemBrain.java,Não aplicável
Crab,Friends and Foes,Criatura passiva/utilitária; interação descrita nas linhas,"Mangrove Swamp e Beach: tag has_crab; peso padrão 14, grupo 2–4; solo próprio, luz e condições CrabEggBlock.",Loot de morte,friendsandfoes:crab_claw,1–1,"pool 1: 1 sorteio(s), peso 1/1; com reposição se mais de um sorteio","Brewing: Awkward Potion + Crab Claw → Reaching; redstone→long; glowstone→strong. Aumenta alcance segundo atributo do efeito. Duração configurável: código multiplica valor por 20 ticks (padrão 3600→72000 ticks); long dobra, strong divide por 2 e nível II.",Alta nos arquivos versionados; configuração/datapacks externos não confirmados,/images/bestiary/audited/ff/crab.png,com/faboslav/friendsandfoes/common/client/render/entity/model/CrabEntityModel.class; com/faboslav/friendsandfoes/common/client/render/entity/renderer/CrabEntityRenderer.class; assets/friendsandfoes/textures/entity/crab/crab.png; com/faboslav/friendsandfoes/common/init/FriendsAndFoesEntityModelLayers.class; com/faboslav/friendsandfoes/common/entity/CrabEntity.class; data/friendsandfoes/friendsandfoes/animations/entity/crab/idle.json; com/faboslav/friendsandfoes/common/entity/animation/animator/loader/AnimationTarget.class; com/faboslav/friendsandfoes/common/entity/animation/animator/loader/json/AnimationParser.class; com/faboslav/friendsandfoes/common/client/render/entity/model/animation/KeyframeModelAnimator.class; output-ff/proveniencia.json,evidence-ff/friendsandfoes-neoforge-4.0.27+mc1.21.1.jar::data/friendsandfoes/loot_table/entities/crab.json; evidence-ff/decompiled-full/com/faboslav/friendsandfoes/common/init/FriendsAndFoesRecipes.java; evidence-ff/decompiled-full/com/faboslav/friendsandfoes/common/init/FriendsAndFoesPotions.java; evidence-ff/decompiled-full/com/faboslav/friendsandfoes/common/config/FriendsAndFoesConfig.java,[Brewing confirmado em código](lote-8-mods-2026-10-06/ff-cards-2026-10-06.md#brewing-crab-claw)
Crab,Friends and Foes,Criatura passiva/utilitária; interação descrita nas linhas,"Mangrove Swamp e Beach: tag has_crab; peso padrão 14, grupo 2–4; solo próprio, luz e condições CrabEggBlock.",Crescimento de filhote para adulto,friendsandfoes:crab_claw,1,ageBoundaryReached() com gamerule de mob drops ativa,"Brewing: Awkward Potion + Crab Claw → Reaching; redstone→long; glowstone→strong. Aumenta alcance segundo atributo do efeito. Duração configurável: código multiplica valor por 20 ticks (padrão 3600→72000 ticks); long dobra, strong divide por 2 e nível II.",Alta nos arquivos versionados; configuração/datapacks externos não confirmados,/images/bestiary/audited/ff/crab.png,com/faboslav/friendsandfoes/common/client/render/entity/model/CrabEntityModel.class; com/faboslav/friendsandfoes/common/client/render/entity/renderer/CrabEntityRenderer.class; assets/friendsandfoes/textures/entity/crab/crab.png; com/faboslav/friendsandfoes/common/init/FriendsAndFoesEntityModelLayers.class; com/faboslav/friendsandfoes/common/entity/CrabEntity.class; data/friendsandfoes/friendsandfoes/animations/entity/crab/idle.json; com/faboslav/friendsandfoes/common/entity/animation/animator/loader/AnimationTarget.class; com/faboslav/friendsandfoes/common/entity/animation/animator/loader/json/AnimationParser.class; com/faboslav/friendsandfoes/common/client/render/entity/model/animation/KeyframeModelAnimator.class; output-ff/proveniencia.json,evidence-ff/decompiled-full/com/faboslav/friendsandfoes/common/entity/CrabEntity.java; evidence-ff/decompiled-full/com/faboslav/friendsandfoes/common/init/FriendsAndFoesRecipes.java; evidence-ff/decompiled-full/com/faboslav/friendsandfoes/common/init/FriendsAndFoesPotions.java; evidence-ff/decompiled-full/com/faboslav/friendsandfoes/common/config/FriendsAndFoesConfig.java,[Brewing confirmado em código](lote-8-mods-2026-10-06/ff-cards-2026-10-06.md#brewing-crab-claw)
Glare,Friends and Foes,Companheiro domesticável; procura lugares escuros e glow berries,"Lush Caves: tag has_glare; peso 4, grupo 1; Y<63, sem céu, brilho bruto>5 e piso #glares_spawnable_on.",Loot de morte,minecraft:glow_berries,0–2,"pool 1: 1 sorteio(s), peso 1/1; com reposição se mais de um sorteio; Saque minecraft:looting: bônus Math.round(nível × sorteio 0–1); limite sem limite explícito",Alimento e iluminação decorativa,Alta nos arquivos versionados; configuração/datapacks externos não confirmados,/images/bestiary/audited/ff/glare.png,com/faboslav/friendsandfoes/common/client/render/entity/model/GlareEntityModel.class; com/faboslav/friendsandfoes/common/client/render/entity/renderer/GlareEntityRenderer.class; assets/friendsandfoes/textures/entity/glare/glare.png; com/faboslav/friendsandfoes/common/init/FriendsAndFoesEntityModelLayers.class; com/faboslav/friendsandfoes/common/entity/GlareEntity.class; output-ff/proveniencia.json,evidence-ff/friendsandfoes-neoforge-4.0.27+mc1.21.1.jar::data/friendsandfoes/loot_table/entities/glare.json,[Usos/receitas vanilla](https://minecraft.wiki/w/glow_berries#Crafting)
Glare,Friends and Foes,Companheiro domesticável; procura lugares escuros e glow berries,"Lush Caves: tag has_glare; peso 4, grupo 1; Y<63, sem céu, brilho bruto>5 e piso #glares_spawnable_on.",Domesticação e cuidado,Companheiro domado,1,"Glow Berries; chance 1/3 por tentativa, item consumido. Cura 2×nutrição ao ferido; dono alterna sentar.","Procura lugares escuros; auxilia inspeção de iluminação, não drop de item",Alta nos arquivos versionados; configuração/datapacks externos não confirmados,/images/bestiary/audited/ff/glare.png,com/faboslav/friendsandfoes/common/client/render/entity/model/GlareEntityModel.class; com/faboslav/friendsandfoes/common/client/render/entity/renderer/GlareEntityRenderer.class; assets/friendsandfoes/textures/entity/glare/glare.png; com/faboslav/friendsandfoes/common/init/FriendsAndFoesEntityModelLayers.class; com/faboslav/friendsandfoes/common/entity/GlareEntity.class; output-ff/proveniencia.json,evidence-ff/decompiled-full/com/faboslav/friendsandfoes/common/entity/GlareEntity.java:mobInteract; evidence-ff/decompiled-full/com/faboslav/friendsandfoes/common/entity/ai/brain/task/glare/GlareLocateDarkSpotTask.java,Não aplicável
Iceologer,Friends and Foes,Hostil: combate próprio,Iceologer Cabin nos biomas da coleção snowy; entidades preservadas nos templates NBT. Também regras próprias de raids/biomas configuráveis.,Loot de morte,friendsandfoes:totem_of_freezing,1,"pool 1: 1 sorteio(s), peso 1/1; com reposição se mais de um sorteio","Gatilho em hurt quando jogador já está com vida≤50%, dano com entidade causadora e fora das exclusões IN_FIRE/ON_FIRE/FALL/FALLING_BLOCK. Consume totem, remove efeitos; congela alvos próximos por 400 ticks e Slowness II 400; Speed II no jogador 200 ticks. Não foi tratado como ressurreição nem Totem of Undying.",Alta nos arquivos versionados; configuração/datapacks externos não confirmados,/images/bestiary/audited/ff/iceologer.png,minecraft:net.minecraft.client.model.IllagerModel; com/faboslav/friendsandfoes/common/client/render/entity/renderer/IceologerEntityRenderer.class; assets/friendsandfoes/textures/entity/illager/iceologer.png; com/faboslav/friendsandfoes/common/init/FriendsAndFoesEntityModelLayers.class; com/faboslav/friendsandfoes/common/entity/IceologerEntity.class; output-ff/proveniencia.json,evidence-ff/friendsandfoes-neoforge-4.0.27+mc1.21.1.jar::data/friendsandfoes/loot_table/entities/iceologer.json; evidence-ff/decompiled-full/com/faboslav/friendsandfoes/common/mixin/PlayerEntityMixin.java:friendsandfoes_tryUseTotems; evidence-ff/decompiled-full/com/faboslav/friendsandfoes/common/util/TotemUtil.java,Não há receita pertinente identificada no JAR; uso direto descrito na coluna Para que serve
Iceologer,Friends and Foes,Hostil: combate próprio,Iceologer Cabin nos biomas da coleção snowy; entidades preservadas nos templates NBT. Também regras próprias de raids/biomas configuráveis.,Loot de morte,minecraft:emerald,0–1,"morte atribuída ao jogador; pool 2: 1 sorteio(s), peso 1/1; com reposição se mais de um sorteio; Saque minecraft:looting: bônus Math.round(nível × sorteio 0–1); limite sem limite explícito",Comércio com aldeões,Alta nos arquivos versionados; configuração/datapacks externos não confirmados,/images/bestiary/audited/ff/iceologer.png,minecraft:net.minecraft.client.model.IllagerModel; com/faboslav/friendsandfoes/common/client/render/entity/renderer/IceologerEntityRenderer.class; assets/friendsandfoes/textures/entity/illager/iceologer.png; com/faboslav/friendsandfoes/common/init/FriendsAndFoesEntityModelLayers.class; com/faboslav/friendsandfoes/common/entity/IceologerEntity.class; output-ff/proveniencia.json,evidence-ff/friendsandfoes-neoforge-4.0.27+mc1.21.1.jar::data/friendsandfoes/loot_table/entities/iceologer.json,[Usos/receitas vanilla](https://minecraft.wiki/w/emerald#Crafting)
Iceologer,Friends and Foes,Hostil: combate próprio,Iceologer Cabin nos biomas da coleção snowy; entidades preservadas nos templates NBT. Também regras próprias de raids/biomas configuráveis.,Loot de morte,minecraft:blue_ice,0–2,"pool 3: 1 sorteio(s), peso 1/1; com reposição se mais de um sorteio; Saque minecraft:looting: bônus Math.round(nível × sorteio 0–1); limite sem limite explícito",Construção e caminhos de gelo,Alta nos arquivos versionados; configuração/datapacks externos não confirmados,/images/bestiary/audited/ff/iceologer.png,minecraft:net.minecraft.client.model.IllagerModel; com/faboslav/friendsandfoes/common/client/render/entity/renderer/IceologerEntityRenderer.class; assets/friendsandfoes/textures/entity/illager/iceologer.png; com/faboslav/friendsandfoes/common/init/FriendsAndFoesEntityModelLayers.class; com/faboslav/friendsandfoes/common/entity/IceologerEntity.class; output-ff/proveniencia.json,evidence-ff/friendsandfoes-neoforge-4.0.27+mc1.21.1.jar::data/friendsandfoes/loot_table/entities/iceologer.json,[Usos/receitas vanilla](https://minecraft.wiki/w/blue_ice#Crafting)
Illusioner,Friends and Foes,Hostil: combate próprio,Illusioner Shack/Training Grounds em taigas e tags da coleção taigas; templates NBT.,Loot de morte,friendsandfoes:totem_of_illusion,1,"pool 1: 1 sorteio(s), peso 1/1; com reposição se mais de um sorteio","Mesmo gatilho de vida≤50% em hurt do PlayerEntityMixin, não proteção universal contra morte. Consume totem/remove efeitos; cria até 9 ilusões, descarta uma escolhida após tentar trocar posição; restantes duram até 600 ticks. Alvos próximos que perseguiam jogador recebem Blindness II 400 ticks; jogador fica invisível 200 ticks.",Alta nos arquivos versionados; configuração/datapacks externos não confirmados,/images/bestiary/audited/ff/illusioner.png,minecraft:net.minecraft.client.model.IllagerModel; com/faboslav/friendsandfoes/common/client/render/entity/renderer/IllusionerEntityRenderer.class; assets/friendsandfoes/textures/entity/illusioner/illusioner.png; com/faboslav/friendsandfoes/common/init/FriendsAndFoesEntityModelLayers.class; com/faboslav/friendsandfoes/common/entity/IllusionerEntity.class; output-ff/proveniencia.json,evidence-ff/friendsandfoes-neoforge-4.0.27+mc1.21.1.jar::data/friendsandfoes/loot_table/entities/illusioner.json; evidence-ff/decompiled-full/com/faboslav/friendsandfoes/common/mixin/PlayerEntityMixin.java; evidence-ff/decompiled-full/com/faboslav/friendsandfoes/common/util/TotemUtil.java,Não há receita pertinente identificada no JAR; uso direto descrito na coluna Para que serve
Illusioner,Friends and Foes,Hostil: combate próprio,Illusioner Shack/Training Grounds em taigas e tags da coleção taigas; templates NBT.,Loot de morte,minecraft:emerald,0–1,"morte atribuída ao jogador; pool 2: 1 sorteio(s), peso 1/1; com reposição se mais de um sorteio; Saque minecraft:looting: bônus Math.round(nível × sorteio 0–1); limite sem limite explícito",Comércio com aldeões,Alta nos arquivos versionados; configuração/datapacks externos não confirmados,/images/bestiary/audited/ff/illusioner.png,minecraft:net.minecraft.client.model.IllagerModel; com/faboslav/friendsandfoes/common/client/render/entity/renderer/IllusionerEntityRenderer.class; assets/friendsandfoes/textures/entity/illusioner/illusioner.png; com/faboslav/friendsandfoes/common/init/FriendsAndFoesEntityModelLayers.class; com/faboslav/friendsandfoes/common/entity/IllusionerEntity.class; output-ff/proveniencia.json,evidence-ff/friendsandfoes-neoforge-4.0.27+mc1.21.1.jar::data/friendsandfoes/loot_table/entities/illusioner.json,[Usos/receitas vanilla](https://minecraft.wiki/w/emerald#Crafting)
Illusioner,Friends and Foes,Hostil: combate próprio,Illusioner Shack/Training Grounds em taigas e tags da coleção taigas; templates NBT.,Loot de morte,minecraft:arrow,0–2,"pool 3: 1 sorteio(s), peso 1/1; com reposição se mais de um sorteio; Saque minecraft:looting: bônus Math.round(nível × sorteio 0–1); limite sem limite explícito",Munição de arco ou besta,Alta nos arquivos versionados; configuração/datapacks externos não confirmados,/images/bestiary/audited/ff/illusioner.png,minecraft:net.minecraft.client.model.IllagerModel; com/faboslav/friendsandfoes/common/client/render/entity/renderer/IllusionerEntityRenderer.class; assets/friendsandfoes/textures/entity/illusioner/illusioner.png; com/faboslav/friendsandfoes/common/init/FriendsAndFoesEntityModelLayers.class; com/faboslav/friendsandfoes/common/entity/IllusionerEntity.class; output-ff/proveniencia.json,evidence-ff/friendsandfoes-neoforge-4.0.27+mc1.21.1.jar::data/friendsandfoes/loot_table/entities/illusioner.json,[Usos/receitas vanilla](https://minecraft.wiki/w/arrow#Crafting)
Illusioner,Friends and Foes,Hostil: combate próprio,Illusioner Shack/Training Grounds em taigas e tags da coleção taigas; templates NBT.,Equipamento herdado na morte,minecraft:bow,1 por slot preenchido,"Somente item presente na morte, sem Vanishing; recentlyHit por jogador para chance comum; base Mob 8,5% +1 ponto percentual/nível de Saque do atacante jogador, salvo chance NBT/config alterada. Equipamento trocado/destruído não cai.",Arma/escudo/poção reutilizável; durabilidade/encantos do estado real; não pool garantido,Alta nos arquivos versionados; configuração/datapacks externos não confirmados,/images/bestiary/audited/ff/illusioner.png,minecraft:net.minecraft.client.model.IllagerModel; com/faboslav/friendsandfoes/common/client/render/entity/renderer/IllusionerEntityRenderer.class; assets/friendsandfoes/textures/entity/illusioner/illusioner.png; com/faboslav/friendsandfoes/common/init/FriendsAndFoesEntityModelLayers.class; com/faboslav/friendsandfoes/common/entity/IllusionerEntity.class; output-ff/proveniencia.json,"evidence-ff/decompiled-full/com/faboslav/friendsandfoes/common/entity/IllusionerEntity.java:populateDefaultEquipmentSlots; ilusões em combate usam discard em hurt, não morte comum; evidence-vanilla-lote8/btp.java; evidence/minecraft-1.21.1-client.jar::data/minecraft/enchantment/looting.json",[Usos/receitas vanilla](https://minecraft.wiki/w/bow#Crafting)
Mauler,Friends and Foes,Animal com raiva persistente e predação; armazena experiência de itens encantados,"Badlands/Desert/Savanna e tags opcionais; pesos padrão 16/8/32 respectivamente, grupo 1; configs de variante.",Tabela de morte própria ausente,Sem item no recurso próprio,0,Varredura do JAR; equipamento/código e herança registrados à parte,Não aplicável,Alta nos arquivos versionados; configuração/datapacks externos não confirmados,/images/bestiary/audited/ff/mauler.png,com/faboslav/friendsandfoes/common/client/render/entity/model/MaulerEntityModel.class; com/faboslav/friendsandfoes/common/client/render/entity/renderer/MaulerEntityRenderer.class; assets/friendsandfoes/textures/entity/mauler/mauler_badlands.png; com/faboslav/friendsandfoes/common/init/FriendsAndFoesEntityModelLayers.class; com/faboslav/friendsandfoes/common/entity/MaulerEntity.class; data/friendsandfoes/friendsandfoes/animations/entity/mauler/idle.json; com/faboslav/friendsandfoes/common/entity/animation/animator/loader/AnimationTarget.class; com/faboslav/friendsandfoes/common/entity/animation/animator/loader/json/AnimationParser.class; com/faboslav/friendsandfoes/common/client/render/entity/model/animation/KeyframeModelAnimator.class; output-ff/proveniencia.json,evidence-ff/friendsandfoes-neoforge-4.0.27+mc1.21.1.jar::data/friendsandfoes/loot_table/entities/mauler.json,Não aplicável
Mauler,Friends and Foes,Animal com raiva persistente e predação; armazena experiência de itens encantados,"Badlands/Desert/Savanna e tags opcionais; pesos padrão 16/8/32 respectivamente, grupo 1; configs de variante.",Alimentar com item encantado,Experiência armazenada,Σ custo mínimo dos encantamentos não amaldiçoados; teto 1395,"Não estar com raiva; consome o item/livro, não devolve uma versão desencantada.",Reserva de experiência para extração em frascos; risco de perder item valioso,Alta nos arquivos versionados; configuração/datapacks externos não confirmados,/images/bestiary/audited/ff/mauler.png,com/faboslav/friendsandfoes/common/client/render/entity/model/MaulerEntityModel.class; com/faboslav/friendsandfoes/common/client/render/entity/renderer/MaulerEntityRenderer.class; assets/friendsandfoes/textures/entity/mauler/mauler_badlands.png; com/faboslav/friendsandfoes/common/init/FriendsAndFoesEntityModelLayers.class; com/faboslav/friendsandfoes/common/entity/MaulerEntity.class; data/friendsandfoes/friendsandfoes/animations/entity/mauler/idle.json; com/faboslav/friendsandfoes/common/entity/animation/animator/loader/AnimationTarget.class; com/faboslav/friendsandfoes/common/entity/animation/animator/loader/json/AnimationParser.class; com/faboslav/friendsandfoes/common/client/render/entity/model/animation/KeyframeModelAnimator.class; output-ff/proveniencia.json,"evidence-ff/decompiled-full/com/faboslav/friendsandfoes/common/entity/MaulerEntity.java:tryToInteractWithEnhancedItem,getExperiencePoints",Não aplicável
Mauler,Friends and Foes,Animal com raiva persistente e predação; armazena experiência de itens encantados,"Badlands/Desert/Savanna e tags opcionais; pesos padrão 16/8/32 respectivamente, grupo 1; configs de variante.",Interação: frasco vazio,minecraft:experience_bottle,"min(frascos na mão, floor(XP armazenado/7))",Sem raiva; ≥7 pontos armazenados; consume um frasco e 7 pontos por unidade.,Guardar/transportar XP em Bottle o Enchanting,Alta nos arquivos versionados; configuração/datapacks externos não confirmados,/images/bestiary/audited/ff/mauler.png,com/faboslav/friendsandfoes/common/client/render/entity/model/MaulerEntityModel.class; com/faboslav/friendsandfoes/common/client/render/entity/renderer/MaulerEntityRenderer.class; assets/friendsandfoes/textures/entity/mauler/mauler_badlands.png; com/faboslav/friendsandfoes/common/init/FriendsAndFoesEntityModelLayers.class; com/faboslav/friendsandfoes/common/entity/MaulerEntity.class; data/friendsandfoes/friendsandfoes/animations/entity/mauler/idle.json; com/faboslav/friendsandfoes/common/entity/animation/animator/loader/AnimationTarget.class; com/faboslav/friendsandfoes/common/entity/animation/animator/loader/json/AnimationParser.class; com/faboslav/friendsandfoes/common/client/render/entity/model/animation/KeyframeModelAnimator.class; output-ff/proveniencia.json,evidence-ff/decompiled-full/com/faboslav/friendsandfoes/common/entity/MaulerEntity.java:tryToInteractWithGlassBottle,[Usos/receitas vanilla](https://minecraft.wiki/w/experience_bottle#Crafting)
Moobloom,Friends and Foes,Criatura passiva/utilitária; interação descrita nas linhas,"Flower Forest, Cherry Grove, Meadow, Sunflower Plains e tags opcionais da coleção has_moobloom; peso 4, grupo 2–4; grama/luz.",Loot de morte,minecraft:leather,0–2,"pool 1: 1 sorteio(s), peso 1/1; com reposição se mais de um sorteio; Saque minecraft:looting: bônus Math.round(nível × sorteio 0–1); limite sem limite explícito",Livros e armadura de couro,Alta nos arquivos versionados; configuração/datapacks externos não confirmados,/images/bestiary/audited/ff/moobloom-buttercup.png,minecraft:net.minecraft.client.model.CowModel; com/faboslav/friendsandfoes/common/client/render/entity/renderer/MoobloomEntityRenderer.class; assets/friendsandfoes/textures/entity/moobloom/moobloom_buttercup.png; com/faboslav/friendsandfoes/common/client/render/entity/feature/MoobloomFlowerFeatureRenderer.class; com/faboslav/friendsandfoes/common/api/MoobloomVariantManager.class; assets/friendsandfoes/models/block/buttercup.json; assets/friendsandfoes/textures/block/buttercup.png; minecraft:assets/minecraft/models/block/cross.json; output-ff/proveniencia.json,evidence-ff/friendsandfoes-neoforge-4.0.27+mc1.21.1.jar::data/friendsandfoes/loot_table/entities/moobloom.json,[Usos/receitas vanilla](https://minecraft.wiki/w/leather#Crafting)
Moobloom,Friends and Foes,Criatura passiva/utilitária; interação descrita nas linhas,"Flower Forest, Cherry Grove, Meadow, Sunflower Plains e tags opcionais da coleção has_moobloom; peso 4, grupo 2–4; grama/luz.",Loot de morte,minecraft:beef,1–3,"pool 2: 1 sorteio(s), peso 1/1; com reposição se mais de um sorteio; aplica receita de fundição ao item; função somente se (this satisfaz {""flags"": {""is_on_fire"": true}}) OU (direct_attacker satisfaz {""equipment"": {""mainhand"": {""predicates"": {""minecraft:enchantments"": [{""enchantments"": ""#minecraft:smelts_loot""}]}}}}); Saque minecraft:looting: bônus Math.round(nível × sorteio 0–1); limite sem limite explícito",Alimento; pode ser cozido conforme condições,Alta nos arquivos versionados; configuração/datapacks externos não confirmados,/images/bestiary/audited/ff/moobloom-buttercup.png,minecraft:net.minecraft.client.model.CowModel; com/faboslav/friendsandfoes/common/client/render/entity/renderer/MoobloomEntityRenderer.class; assets/friendsandfoes/textures/entity/moobloom/moobloom_buttercup.png; com/faboslav/friendsandfoes/common/client/render/entity/feature/MoobloomFlowerFeatureRenderer.class; com/faboslav/friendsandfoes/common/api/MoobloomVariantManager.class; assets/friendsandfoes/models/block/buttercup.json; assets/friendsandfoes/textures/block/buttercup.png; minecraft:assets/minecraft/models/block/cross.json; output-ff/proveniencia.json,evidence-ff/friendsandfoes-neoforge-4.0.27+mc1.21.1.jar::data/friendsandfoes/loot_table/entities/moobloom.json,[Usos/receitas vanilla](https://minecraft.wiki/w/beef#Crafting)
Moobloom,Friends and Foes,Criatura passiva/utilitária; interação descrita nas linhas,"Flower Forest, Cherry Grove, Meadow, Sunflower Plains e tags opcionais da coleção has_moobloom; peso 4, grupo 2–4; grama/luz.",Ordenha herdada de Cow,minecraft:milk_bucket,1,Balde e Moobloom adulta; super.mobInteract → Cow; não consome o animal.,Bebida remove efeitos ativos; ingrediente de bolo,Alta nos arquivos versionados; configuração/datapacks externos não confirmados,/images/bestiary/audited/ff/moobloom-buttercup.png,minecraft:net.minecraft.client.model.CowModel; com/faboslav/friendsandfoes/common/client/render/entity/renderer/MoobloomEntityRenderer.class; assets/friendsandfoes/textures/entity/moobloom/moobloom_buttercup.png; com/faboslav/friendsandfoes/common/client/render/entity/feature/MoobloomFlowerFeatureRenderer.class; com/faboslav/friendsandfoes/common/api/MoobloomVariantManager.class; assets/friendsandfoes/models/block/buttercup.json; assets/friendsandfoes/textures/block/buttercup.png; minecraft:assets/minecraft/models/block/cross.json; output-ff/proveniencia.json,evidence-ff/decompiled-full/com/faboslav/friendsandfoes/common/entity/MoobloomEntity.java (extends Cow; super.mobInteract),[Usos/receitas vanilla](https://minecraft.wiki/w/milk_bucket#Crafting)
Moobloom,Friends and Foes,Criatura passiva/utilitária; interação descrita nas linhas,"Flower Forest, Cherry Grove, Meadow, Sunflower Plains e tags opcionais da coleção has_moobloom; peso 4, grupo 2–4; grama/luz.",Interação: bowl,minecraft:suspicious_stew,1,"Moobloom adulta e bowl; efeito da flor da variante via SuspiciousEffectHolder, ou efeitos vazios se flor não possui efeito.","Alimento; efeitos dependem da flor, não um efeito fixo para todas variantes",Alta nos arquivos versionados; configuração/datapacks externos não confirmados,/images/bestiary/audited/ff/moobloom-buttercup.png,minecraft:net.minecraft.client.model.CowModel; com/faboslav/friendsandfoes/common/client/render/entity/renderer/MoobloomEntityRenderer.class; assets/friendsandfoes/textures/entity/moobloom/moobloom_buttercup.png; com/faboslav/friendsandfoes/common/client/render/entity/feature/MoobloomFlowerFeatureRenderer.class; com/faboslav/friendsandfoes/common/api/MoobloomVariantManager.class; assets/friendsandfoes/models/block/buttercup.json; assets/friendsandfoes/textures/block/buttercup.png; minecraft:assets/minecraft/models/block/cross.json; output-ff/proveniencia.json,"evidence-ff/decompiled-full/com/faboslav/friendsandfoes/common/entity/MoobloomEntity.java:mobInteract,getEffectsFromItemStack",[Usos/receitas vanilla](https://minecraft.wiki/w/suspicious_stew#Crafting)
Moobloom,Friends and Foes,Criatura passiva/utilitária; interação descrita nas linhas,"Flower Forest, Cherry Grove, Meadow, Sunflower Plains e tags opcionais da coleção has_moobloom; peso 4, grupo 2–4; grama/luz.",Tosquia/conversão,Flor da variante,5,"Tesoura e readyForShearing; transforma em Cow; preserva vida, nome, persistência e invulnerabilidade.",Flores para decoração/corantes; conversão elimina a produção de Moobloom dessa entidade,Alta nos arquivos versionados; configuração/datapacks externos não confirmados,/images/bestiary/audited/ff/moobloom-buttercup.png,minecraft:net.minecraft.client.model.CowModel; com/faboslav/friendsandfoes/common/client/render/entity/renderer/MoobloomEntityRenderer.class; assets/friendsandfoes/textures/entity/moobloom/moobloom_buttercup.png; com/faboslav/friendsandfoes/common/client/render/entity/feature/MoobloomFlowerFeatureRenderer.class; com/faboslav/friendsandfoes/common/api/MoobloomVariantManager.class; assets/friendsandfoes/models/block/buttercup.json; assets/friendsandfoes/textures/block/buttercup.png; minecraft:assets/minecraft/models/block/cross.json; output-ff/proveniencia.json,"evidence-ff/decompiled-full/com/faboslav/friendsandfoes/common/entity/MoobloomEntity.java:shear,transformToCow,dropShearedItems",Não aplicável
Moobloom,Friends and Foes,Criatura passiva/utilitária; interação descrita nas linhas,"Flower Forest, Cherry Grove, Meadow, Sunflower Plains e tags opcionais da coleção has_moobloom; peso 4, grupo 2–4; grama/luz.",Interação com flor,Mudança de variante,1 entidade,Item de flor compatível muda variante e consome item fora do criativo.,Escolher flor/efeito de stew e aparência,Alta nos arquivos versionados; configuração/datapacks externos não confirmados,/images/bestiary/audited/ff/moobloom-buttercup.png,minecraft:net.minecraft.client.model.CowModel; com/faboslav/friendsandfoes/common/client/render/entity/renderer/MoobloomEntityRenderer.class; assets/friendsandfoes/textures/entity/moobloom/moobloom_buttercup.png; com/faboslav/friendsandfoes/common/client/render/entity/feature/MoobloomFlowerFeatureRenderer.class; com/faboslav/friendsandfoes/common/api/MoobloomVariantManager.class; assets/friendsandfoes/models/block/buttercup.json; assets/friendsandfoes/textures/block/buttercup.png; minecraft:assets/minecraft/models/block/cross.json; output-ff/proveniencia.json,evidence-ff/decompiled-full/com/faboslav/friendsandfoes/common/entity/MoobloomEntity.java:mobInteract,Não aplicável
Rascal,Friends and Foes,Criatura passiva/utilitária; interação descrita nas linhas,"Mineshaft em biomas #has_structure/mineshaft ou mineshaft_mesa; Y≤63, sem céu, luz bruta !=0, planks adjacentes; peso 4, grupo 1.",Tabela de morte vazia,Sem itens no JSON,0,pools=[]; mecanismos adicionais separados,Não aplicável,Alta nos arquivos versionados; configuração/datapacks externos não confirmados,/images/bestiary/audited/ff/rascal.png,com/faboslav/friendsandfoes/common/client/render/entity/model/RascalEntityModel.class; com/faboslav/friendsandfoes/common/client/render/entity/renderer/RascalEntityRenderer.class; assets/friendsandfoes/textures/entity/rascal/rascal.png; com/faboslav/friendsandfoes/common/init/FriendsAndFoesEntityModelLayers.class; com/faboslav/friendsandfoes/common/entity/RascalEntity.class; data/friendsandfoes/friendsandfoes/animations/entity/rascal/idle.json; com/faboslav/friendsandfoes/common/entity/animation/animator/loader/AnimationTarget.class; com/faboslav/friendsandfoes/common/entity/animation/animator/loader/json/AnimationParser.class; com/faboslav/friendsandfoes/common/client/render/entity/model/animation/KeyframeModelAnimator.class; output-ff/proveniencia.json,evidence-ff/friendsandfoes-neoforge-4.0.27+mc1.21.1.jar::data/friendsandfoes/loot_table/entities/rascal.json,Não aplicável
Rascal,Friends and Foes,Criatura passiva/utilitária; interação descrita nas linhas,"Mineshaft em biomas #has_structure/mineshaft ou mineshaft_mesa; Y≤63, sem céu, luz bruta !=0, planks adjacentes; peso 4, grupo 1.",Esconde-esconde: terceira captura,minecraft:iron_pickaxe,1,peso 4/7 por 1 sorteio; entrega direta ou em Bundle conforme config; nível de encanto 5–20,Mineração; recompensa encantada do Rascal,Alta nos arquivos versionados; configuração/datapacks externos não confirmados,/images/bestiary/audited/ff/rascal.png,com/faboslav/friendsandfoes/common/client/render/entity/model/RascalEntityModel.class; com/faboslav/friendsandfoes/common/client/render/entity/renderer/RascalEntityRenderer.class; assets/friendsandfoes/textures/entity/rascal/rascal.png; com/faboslav/friendsandfoes/common/init/FriendsAndFoesEntityModelLayers.class; com/faboslav/friendsandfoes/common/entity/RascalEntity.class; data/friendsandfoes/friendsandfoes/animations/entity/rascal/idle.json; com/faboslav/friendsandfoes/common/entity/animation/animator/loader/AnimationTarget.class; com/faboslav/friendsandfoes/common/entity/animation/animator/loader/json/AnimationParser.class; com/faboslav/friendsandfoes/common/client/render/entity/model/animation/KeyframeModelAnimator.class; output-ff/proveniencia.json,evidence-ff/friendsandfoes-neoforge-4.0.27+mc1.21.1.jar::data/friendsandfoes/loot_table/rewards/rascal_good_reward.json; evidence-ff/decompiled/RascalWaitForPlayerTask.java,[Usos/receitas vanilla](https://minecraft.wiki/w/iron_pickaxe#Crafting)
Rascal,Friends and Foes,Criatura passiva/utilitária; interação descrita nas linhas,"Mineshaft em biomas #has_structure/mineshaft ou mineshaft_mesa; Y≤63, sem céu, luz bruta !=0, planks adjacentes; peso 4, grupo 1.",Esconde-esconde: terceira captura,minecraft:iron_ore,8–16,peso 2/7 por 1 sorteio; entrega direta ou em Bundle conforme config; ,Minério de ferro para fundir,Alta nos arquivos versionados; configuração/datapacks externos não confirmados,/images/bestiary/audited/ff/rascal.png,com/faboslav/friendsandfoes/common/client/render/entity/model/RascalEntityModel.class; com/faboslav/friendsandfoes/common/client/render/entity/renderer/RascalEntityRenderer.class; assets/friendsandfoes/textures/entity/rascal/rascal.png; com/faboslav/friendsandfoes/common/init/FriendsAndFoesEntityModelLayers.class; com/faboslav/friendsandfoes/common/entity/RascalEntity.class; data/friendsandfoes/friendsandfoes/animations/entity/rascal/idle.json; com/faboslav/friendsandfoes/common/entity/animation/animator/loader/AnimationTarget.class; com/faboslav/friendsandfoes/common/entity/animation/animator/loader/json/AnimationParser.class; com/faboslav/friendsandfoes/common/client/render/entity/model/animation/KeyframeModelAnimator.class; output-ff/proveniencia.json,evidence-ff/friendsandfoes-neoforge-4.0.27+mc1.21.1.jar::data/friendsandfoes/loot_table/rewards/rascal_good_reward.json; evidence-ff/decompiled/RascalWaitForPlayerTask.java,[Usos/receitas vanilla](https://minecraft.wiki/w/iron_ore#Crafting)
Rascal,Friends and Foes,Criatura passiva/utilitária; interação descrita nas linhas,"Mineshaft em biomas #has_structure/mineshaft ou mineshaft_mesa; Y≤63, sem céu, luz bruta !=0, planks adjacentes; peso 4, grupo 1.",Esconde-esconde: terceira captura,minecraft:gold_ore,5–10,peso 1/7 por 1 sorteio; entrega direta ou em Bundle conforme config; ,Minério de ouro para fundir,Alta nos arquivos versionados; configuração/datapacks externos não confirmados,/images/bestiary/audited/ff/rascal.png,com/faboslav/friendsandfoes/common/client/render/entity/model/RascalEntityModel.class; com/faboslav/friendsandfoes/common/client/render/entity/renderer/RascalEntityRenderer.class; assets/friendsandfoes/textures/entity/rascal/rascal.png; com/faboslav/friendsandfoes/common/init/FriendsAndFoesEntityModelLayers.class; com/faboslav/friendsandfoes/common/entity/RascalEntity.class; data/friendsandfoes/friendsandfoes/animations/entity/rascal/idle.json; com/faboslav/friendsandfoes/common/entity/animation/animator/loader/AnimationTarget.class; com/faboslav/friendsandfoes/common/entity/animation/animator/loader/json/AnimationParser.class; com/faboslav/friendsandfoes/common/client/render/entity/model/animation/KeyframeModelAnimator.class; output-ff/proveniencia.json,evidence-ff/friendsandfoes-neoforge-4.0.27+mc1.21.1.jar::data/friendsandfoes/loot_table/rewards/rascal_good_reward.json; evidence-ff/decompiled/RascalWaitForPlayerTask.java,[Usos/receitas vanilla](https://minecraft.wiki/w/gold_ore#Crafting)
Tuff Golem,Friends and Foes,Criatura passiva/utilitária; interação descrita nas linhas,"Construção vertical: Tuff, lã (cor define manto), carved pumpkin/jack o lantern.",Loot de morte,minecraft:tuff,1–3,"pool 1: 1 sorteio(s), peso 1/1; com reposição se mais de um sorteio",Construção,Alta nos arquivos versionados; configuração/datapacks externos não confirmados,/images/bestiary/audited/ff/tuff-golem-white.png,com/faboslav/friendsandfoes/common/client/render/entity/model/TuffGolemEntityModel.class; com/faboslav/friendsandfoes/common/client/render/entity/renderer/TuffGolemEntityRenderer.class; assets/friendsandfoes/textures/entity/tuff_golem/tuff_golem.png; com/faboslav/friendsandfoes/common/init/FriendsAndFoesEntityModelLayers.class; com/faboslav/friendsandfoes/common/entity/TuffGolemEntity.class; com/faboslav/friendsandfoes/common/client/render/entity/feature/TuffGolemClothFeatureRenderer.class; com/faboslav/friendsandfoes/common/client/render/entity/feature/TuffGolemClosedEyesRenderer.class; assets/friendsandfoes/textures/entity/tuff_golem/white.png; output-ff/proveniencia.json,evidence-ff/friendsandfoes-neoforge-4.0.27+mc1.21.1.jar::data/friendsandfoes/loot_table/entities/tuff_golem.json,[Usos/receitas vanilla](https://minecraft.wiki/w/tuff#Crafting)
Tuff Golem,Friends and Foes,Criatura passiva/utilitária; interação descrita nas linhas,"Construção vertical: Tuff, lã (cor define manto), carved pumpkin/jack o lantern.",Interação/devolução e morte,Item efetivamente carregado,Pilhas conforme estado do slot MAINHAND,"Interagir devolve pilha e esvazia mão fora do criativo; morte chama super e solta pilha remanescente, depois limpa o slot.","Exibir, recolher e recuperar item entregue ao golem; sem duplicação garantida",Alta nos arquivos versionados; configuração/datapacks externos não confirmados,/images/bestiary/audited/ff/tuff-golem-white.png,com/faboslav/friendsandfoes/common/client/render/entity/model/TuffGolemEntityModel.class; com/faboslav/friendsandfoes/common/client/render/entity/renderer/TuffGolemEntityRenderer.class; assets/friendsandfoes/textures/entity/tuff_golem/tuff_golem.png; com/faboslav/friendsandfoes/common/init/FriendsAndFoesEntityModelLayers.class; com/faboslav/friendsandfoes/common/entity/TuffGolemEntity.class; com/faboslav/friendsandfoes/common/client/render/entity/feature/TuffGolemClothFeatureRenderer.class; com/faboslav/friendsandfoes/common/client/render/entity/feature/TuffGolemClosedEyesRenderer.class; assets/friendsandfoes/textures/entity/tuff_golem/white.png; output-ff/proveniencia.json,"evidence-ff/decompiled-full/com/faboslav/friendsandfoes/common/entity/TuffGolemEntity.java:tryToInteractMobWithItem,dropCustomDeathLoot",Não aplicável
Wildfire,Friends and Foes,Hostil: combate próprio,Citadel no Nether; templates NBT contêm Wildfire. Configs de estrutura precisam estar ativas.,Loot de morte,friendsandfoes:wildfire_crown_fragment,3–5,"pool 1: 1 sorteio(s), peso 1/1; com reposição se mais de um sorteio","Ingrediente da Wildfire Crown (capacete). Equipado no HEAD, PlayerEntityMixin renova Fire Resistance por 160 ticks quando jogador não está em lava nem em chamas; proteção prévia depende dessa renovação.",Alta nos arquivos versionados; configuração/datapacks externos não confirmados,/images/bestiary/audited/ff/wildfire.png,com/faboslav/friendsandfoes/common/client/render/entity/model/WildfireEntityModel.class; com/faboslav/friendsandfoes/common/client/render/entity/renderer/WildfireEntityRenderer.class; assets/friendsandfoes/textures/entity/wildfire/wildfire.png; com/faboslav/friendsandfoes/common/init/FriendsAndFoesEntityModelLayers.class; com/faboslav/friendsandfoes/common/entity/WildfireEntity.class; data/friendsandfoes/friendsandfoes/animations/entity/wildfire/idle.json; com/faboslav/friendsandfoes/common/entity/animation/animator/loader/AnimationTarget.class; com/faboslav/friendsandfoes/common/entity/animation/animator/loader/json/AnimationParser.class; com/faboslav/friendsandfoes/common/client/render/entity/model/animation/KeyframeModelAnimator.class; data/friendsandfoes/friendsandfoes/animations/entity/wildfire/shield_rotation.json; output-ff/proveniencia.json,evidence-ff/friendsandfoes-neoforge-4.0.27+mc1.21.1.jar::data/friendsandfoes/loot_table/entities/wildfire.json; evidence-ff/decompiled-full/com/faboslav/friendsandfoes/common/init/FriendsAndFoesItems.java; evidence-ff/decompiled-full/com/faboslav/friendsandfoes/common/mixin/PlayerEntityMixin.java,/bestiary/receitas/ff.html#receita-wildfire-crown | [Receita wildfire_crown](lote-8-mods-2026-10-06/ff-cards-2026-10-06.md#receita-wildfire-crown) — evidence-ff/friendsandfoes-neoforge-4.0.27+mc1.21.1.jar::data/friendsandfoes/recipe/wildfire_crown.json
